868,Yevette,Shuakhevi,94027.7
753,Jerrylee,Gunan,92225.67
917,Drusy,Wuli,48738.52
363,Tyson,Zhenjiang,61231.41
560,Kaila,Luojiaping,88806.9
508,Joete,Nocaima,53290.26
209,Koren,Tutem,14902.27
111,Seumas,Lenart v Slov. Goricah,47824.11
342,Edgard,Dolgoderevenskoye,72835.18
102,Roscoe,Decatur,64765.73
400,Gasper,Korolevo,58097.47
867,Luciana,Bajomulyo,35204.16
874,Neill,El Carmen,30834.76
399,Berna,Lae,54753.29
8,Marlane,Ryazan’,63368.32
330,Monika,Kesamben,96367.5
668,Lilas,Cam Lộ,76361.49
647,Clayborne,Rajal Norte,15884.18
672,Viviana,Rejasa Kaja,88838.34
290,Tiler,Shazi,76033.17
102,Artemis,Salvacion,76420.58
818,Farlee,Atibaia,44748.56
351,Jehanna,Macedo de Cavaleiros,79786.87
557,Krystal,Dongyuan,93376.73
178,Mariellen,Le Raincy,13763.92
731,Xenos,Ceadîr-Lunga,60828.26
491,Teddie,Sumberan,95716.28
159,Denny,Mikhnëvo,20307.44
420,Farand,Błaszki,62679.97
644,Wandis,Kertapura,71761.24
668,Tina,Gustavia,27340.87
193,Casandra,Hujra,66067.11
180,Marie-jeanne,Fortuna,38289.63
95,Kelly,Awat,43510.42
868,Suzanne,Lat Lum Kaeo,94087.2
980,Alick,Chenzhou,50213.42
147,Tiertza,Sugcad,67425.48
962,Neddy,Graksop,71661.24
849,Michaela,Xiayunling,12131.36
893,Shawn,Akhmīm,12574.57
103,Margarete,Colca,29138.58
483,David,Sharjah,81388.17
939,Zarla,Omaha,10889.2
422,Dinnie,Sungayang,72518.86
344,Florrie,Pradera,99977.44
679,Nolana,Pertunmaa,37240.45
630,Ferne,Huacrachuco,30287.88
948,Deva,Kostrzyn nad Odrą,51261.39
413,Margalo,Krajan Bejagung,16569.02
36,Cletus,Těšetice,89981.61
239,Fifi,Samut Songkhram,93980.65
38,Leon,Alameda,45111.68
206,Rosanna,Zhangaqorghan,53699.46
360,Lauritz,Donegal,29972.97
161,Linc,Pysznica,90737.91
363,Marlow,Lazaro Cardenas,21398.39
776,Lynna,Moñitos,93546.28
84,Jeddy,Xiaoling,26631.07
761,Smith,Mengeš,21199.07
85,Tanitansy,Sanlifan,76271.02
55,Dannie,Batsari,79427.8
324,Phyllida,Hekou,27043.35
889,Theda,Além Paraíba,72451.44
987,Blondie,La Cruz,29805.38
356,Kelsy,Donji Vakuf,17037.26
947,Georges,Limoeiro de Anadia,65467.23
91,Reinold,Ha’erlong,46894.48
149,Glyn,Kista,34340.58
124,Marchelle,Bangil,43858.13
535,Trula,Baisha,20149.99
892,Gaelan,Zhenshan,22913.25
360,Karisa,Altos,68993.55
256,Vickie,Glinojeck,74137.38
551,Erskine,Reston,16471.04
708,Mavis,Jidong,59853.07
121,Pierce,Heyin,29973.42
925,Davina,Longhuashan,79680.05
306,Orland,Yoshkar-Ola,93150.65
922,Finn,Staraya Stanitsa,70064.11
873,Theodore,Minnedosa,93227.23
592,Kenyon,Győr,27646.92
18,Jonie,Ādīs Zemen,71472.22
985,Cassandry,Morelos,28627.07
612,Joyce,Noling,63781.91
71,Anastasia,Tianjiazhuang,80207.34
466,Glynis,Shixi,60894.6
325,Bear,Cañas,81972.94
653,Lenna,Alpedrinha,15807.02
87,Vere,Ad Dīs ash Sharqīyah,30120.25
439,Diego,Jinggongqiao,70695.91
801,Flss,Criuleni,69885.25
406,Germain,Leiyang,51727.98
306,Filmer,Shiyaogou,31150.8
11,Diannne,Ghurayd Gharamē,58929.77
21,Rayner,Cijoho,10357.0
572,Banky,Drammen,24937.43
332,Drucy,Souran,47810.95
547,Gerta,Duran,25919.08
650,Sonya,Andrijevica,93800.42
372,Georgie,Nueva Requena,47571.82
905,Margit,Putrajaya,77579.05
441,Daveta,Kajar,16893.89
135,Onfre,Wydminy,36499.35
124,Paul,Svoge,69205.75
429,Jeremias,Bendosewu,50976.59
506,Lindsay,Seaforth,21443.98
318,Guglielma,Thị Trấn Phước Bửu,91570.14
577,Phyllis,Goragorskiy,85732.84
348,Fred,Xinxu,42165.32
715,Vonni,Cirangkong,52758.39
102,Brianna,Belsk Duży,53098.77
435,Neddy,Chernelytsya,46117.28
327,Gwenny,Čoka,41159.36
853,Sarajane,Yugawara,84364.87
808,Emmery,Ifon,25304.83
475,Boigie,Santana de Parnaíba,12472.22
604,Jon,Miskolc,76355.15
864,Fonzie,Church End,58228.94
610,Leodora,Alcorriol,61022.91
331,Marilee,Zmiyëvka,79038.91
494,Yulma,Stockholm,16741.12
628,Che,Galis,38855.88
88,Prent,Buray,12540.08
773,Alvira,Arroio do Meio,78281.46
189,Gerek,P’yŏngsŏng,81237.02
407,Frank,Baraguá,39045.2
848,Nert,Pogwizdów,78710.1
623,Tonya,Barbosa,62653.01
846,Ody,Gardanne,89108.57
636,Hyacinthia,Wunat,89791.1
393,Nowell,Ntsoudjini,56419.2
245,Waylon,Bin’an,10599.11
54,Adina,Ancenis,88069.34
602,Pearce,Kototujuh,51831.94
878,Marion,Mlangali,15132.66
867,Tamra,Piterka,33504.94
722,Cedric,Janūb as Surrah,63378.99
797,Wyndham,Tamiso,77816.33
197,Norine,Kyaikto,83827.52
620,Ruggiero,Monte Novo,40328.45
721,Gayle,Langensari,39024.09
978,Bevon,Ḩajjah,50897.7
537,Conny,Shanyang,67001.04
934,Charisse,Storuman,22041.4
573,Nilson,Ob’,88878.89
206,Evvie,Tapilon,85376.35
321,Gloria,Olocuilta,37088.79
97,Martguerita,La Loma,92399.98
186,Scarlett,Chernoyerkovskaya,29993.95
453,Erskine,Jamaica,86506.37
25,Kirsti,Podujeva,74079.82
503,Charmian,Shorapani,31908.12
232,Courtenay,Shashūbay,82817.45
402,Wendi,Caraga,72382.86
671,Sherie,Lukovica pri Domžalah,81608.13
449,Basil,Maubasa,95205.99
426,Coleen,Tsaghkadzor,34308.77
648,Town,Puerto Berrío,86695.01
959,Hermia,Catujal Velho,58434.18
644,Ilaire,Maroa,48874.53
119,Michell,Jhingergācha,92289.77
356,Garland,Nikhom Phattana,65480.58
131,Goraud,Djounie,17372.27
102,Ursala,La Concepción,38516.1
609,Eden,Strömsund,33935.13
213,Sandi,Verkhniy Kurkuzhin,68843.35
766,Roderigo,Sartrouville,96619.78
737,Peyter,Rattanaburi,99263.76
146,Casi,Nashville,26784.84
640,Abrahan,Gading,86741.08
884,Trevor,Kopong,80566.54
238,Dani,Adámas,21748.6
703,Eudora,Vichuga,15805.37
106,Trudy,Surami,63645.37
127,Michal,Xi’an,86564.81
538,Kory,Kimito,86583.78
156,Earvin,Borabue,63641.99
309,Rickey,Donglai,54544.49
325,Merralee,Getung,23663.04
595,Theresita,Baishuiyang,65325.52
185,Carmon,Nantes,46425.84
937,Pandora,Dagohoy,22572.29
942,Mackenzie,Yangju,83569.68
470,Gothart,Kristianstad,25023.48
114,Dorette,Bang Saphan,79035.17
158,Courtenay,Xufeng,25264.51
67,Karen,Lianglin,34988.93
126,Mari,Tha Mai,44185.64
690,Maddie,Suchań,96540.46
116,Jori,Aubagne,58100.91
873,Aile,Jatirejo,39691.91
818,Yancey,Acherítou,24247.4
398,Joe,Baoshan,31733.22
313,Veronica,Maogou,96733.72
914,Aloin,Suren,92655.93
550,Sada,Pecatu,19820.24
173,Sada,Sohbatpur,47526.98
712,Munmro,Manassas,13649.95
496,Tedda,Mocímboa,21149.17
829,Darryl,Maramag,27316.16
597,Beau,Rio Claro,70937.33
419,Archaimbaud,Yongfeng,20542.0
173,Katrina,Tpig,56505.17
77,Lannie,Baishi,59348.31
79,Park,Patrol,42023.48
275,Aveline,Hekou,44889.92
946,Dew,Psary,65595.22
438,Erwin,Sindangsari,45139.35
794,Deeann,Staropyshminsk,85352.57
913,Gabrielle,Sulbiny Górne,25103.81
771,Garrik,Buensuseso,29100.51
108,Jenifer,Astorga,29981.01
400,Brita,Tukuyu,15934.96
614,Jone,Senj,39267.73
128,Natasha,Arauca,16985.42
329,Nikolaus,Feteira Grande,15291.81
138,Brian,Ankazobe,74592.46
791,Truda,Brejos,37794.41
545,Theda,Fuhai,95567.92
639,Christophe,Petaling Jaya,95231.61
177,Doralyn,Waina,44906.86
35,Mozes,Licun,96105.17
286,Skye,Ploso Wetan,14354.3
745,Bethanne,Buzuluk,22242.43
41,Sumner,Jinrui,15507.58
232,Editha,Bojongbenteng,75570.82
505,Ursa,Los Mangos,74061.36
221,Mareah,Obihiro,98493.9
76,Aileen,Vrané nad Vltavou,61314.2
297,Frank,Kimje,39954.29
49,Korney,Fengyan,61806.55
94,Merola,Kalloní,81263.11
67,Flint,Jiuhu,36784.93
108,Rogerio,Cilegi,56370.57
871,Mariquilla,Banzão,14844.64
418,Alisa,Montluçon,17344.85
206,Leta,James Craik,23218.33
472,Edd,Riga,78867.28
951,Kimball,Toba,54992.9
103,Alejandra,Guoduwan,98903.75
765,Dorelia,Shiye,21370.04
576,Haslett,Fangshan,53330.35
454,Rosaline,Uścimów Stary,59295.31
903,Dara,Boa Esperança,43224.91
408,Rad,Kumba,68061.52
805,Farra,Åhus,34837.21
523,Lynne,Independencia,97115.64
690,Hubey,Sadowie,61968.1
606,Pippo,Kuala Lumpur,19628.8
200,Orin,Ursus,70866.28
77,Winfield,Shangde,30041.79
415,Toiboid,Vandœuvre-lès-Nancy,33136.59
211,Truman,Hotaka,99354.38
99,Margo,Diffa,22069.48
975,Jacky,Itabaiana,67398.05
134,Glynis,Lokolande,57335.53
850,Laverna,Poshnje,90475.12
172,Dimitry,Tochigi,10165.5
62,Garvin,Orivesi,38947.4
669,Donn,Shizikeng,47220.39
507,Hope,Linamon,95838.03
822,Opaline,Guixi,39934.47
84,Alair,Marseille,86805.6
35,Findley,Jajarkrajan,16432.97
778,Ruben,Dahua,40514.8
813,Elsi,Batulawang,70576.21
680,Latrina,Ciklapa,46379.86
498,Horacio,Jinfeng,27025.96
231,Lilia,Арачиново,90891.4
521,Ora,Wolanów,47437.92
429,Ninnette,Anahawan,49327.76
311,Zachery,Āsmār,63041.79
969,Victoir,As Sab‘ Biyār,95612.57
964,Dur,Novoorsk,44186.17
382,Augustina,Shangjie,38884.71
880,Traver,Wakapuken,47473.27
947,Gerrard,Sighnaghi,64568.75
31,Jessee,Al Manzilah,52839.45
244,Melosa,Sośno,21943.49
306,Peterus,Bar-le-Duc,36697.07
160,Ulberto,Boyeros,77848.72
44,Mord,Machinda,94397.7
988,Toma,Meringkik,53734.07
632,Micky,San Juan,58774.42
474,Rosaleen,Gwangtan,60004.15
254,Em,La Sebala du Mornag,35025.06
484,Orion,Dalkey,70590.63
726,Cassy,Boleiros,53547.49
218,Katusha,Wenqiao,51534.67
595,Ricky,Bayan,93188.22
365,Clay,Dimona,52118.9
450,Em,Praga Północ,78248.29
798,Gaultiero,Bystrytsya,97236.99
997,Karola,Chixi,65013.15
773,Carie,Moshenskoye,30637.46
383,Ruperto,Igaraçu do Tietê,22329.66
651,Ailee,Shuidong,22800.68
438,Cameron,Neebing,78484.84
473,Alyce,Campana,30190.91
623,Blane,Babug,15878.36
796,Gabey,Rauma,15669.39
743,Yehudit,Vitry-sur-Seine,15736.57
400,Christalle,Morazán,29128.7
198,Jessey,Sankanan,85035.22
169,Dagny,Warungawi,19383.51
974,Bruce,Limbo,34230.78
670,Gaby,Aswan,35668.29
945,Torey,Kongjiafang,48504.52
520,Garland,Xieqiao,33056.47
355,Syman,Ajaccio,75606.58
630,Adriena,Tembol,10009.5
925,Willamina,Molsheim,17475.21
725,Walsh,Suchedniów,85968.18
751,Dania,Zhabagly,64519.19
162,Khalil,Shaffa,28223.36
296,Isadora,Västerås,81206.88
600,Joye,Nāḩiyat Baḩār,37491.63
282,Jody,Mawu,17321.57
65,Sauveur,Banī Zayd,36221.4
712,Florry,Dawwār Tīnjah,32267.69
867,Clement,Allen,60521.32
116,Ernest,Mamoudzou,19925.27
609,Kerry,Puyang,85406.69
581,Joannes,Norfolk,72239.33
617,Gaynor,Kolç,55660.98
966,Sherry,Coyaima,10669.41
91,Aleece,Nuradilovo,77539.67
965,El,Marapat,60301.74
215,Taddeo,Saga,48059.36
381,Sven,Niitsu-honchō,14568.56
370,Kasey,Gurgurnica,80571.88
374,Asia,Mongo,67074.09
464,Philomena,Zaïo,64181.35
567,Sonny,Satipo,95136.11
29,Flore,Ujar,49890.01
811,Estrellita,Durham,47293.6
772,Olivero,As Salţ,84792.13
699,Jennie,Cachón,19022.54
146,Jelene,Madrid,83375.17
755,Tessa,Kaset Wisai,77323.48
264,Anatol,Mataquescuintla,91412.34
661,Jule,Menggala,17985.25
19,Nicol,Zamość,75503.18
45,Brittani,Betim,14726.75
844,Packston,Kulevcha,25561.53
773,Nerti,Dawe,64874.97
225,Costa,Watergrasshill,91256.75
756,Griffin,Silao,19262.23
282,Jeremias,Jianyi,88205.81
854,Stacey,Brits,26181.37
650,Leonie,Capulaan,71377.37
454,Ferdinand,Nijmegen,34711.02
255,Yvon,Yala,35533.09
134,Hallsy,Sabugueiro,69015.01
784,Stirling,Al Jīb,23242.0
868,Emmery,Itaqui,36312.69
631,Arleta,Rekowo Dolne,99252.04
541,Lark,Tarnowiec,81277.39
69,Northrup,Falun,21571.49
907,Deanna,Hörby,51732.32
297,Ingemar,Rognedino,99706.26
297,Norine,Yangdu,11278.5
536,Clarie,Krumvíř,14377.63
875,Lorrayne,Kirovsk,18083.71
242,Judd,Wróblew,29590.91
118,Ripley,Mikhaylovsk,22456.01
670,Blondy,Pakuncen,48248.69
447,Boy,Shangyanzhuang,32984.62
947,Lorain,Xishan,23072.93
928,Jacobo,Ključ,13937.56
67,Faustina,Galubakul,45304.45
209,Nara,Bodeh,87609.86
662,Elita,Igir-igir,56432.88
771,Shir,Wangmeng,27979.99
289,Cosette,Wiri,98851.68
288,Ogdan,Ciroyom,19457.92
827,Karlis,Kétou,36071.3
784,Livvie,Klishkivtsi,22652.12
585,Keriann,Leeds,60848.48
152,Redd,Sundsvall,33442.65
505,Irvin,Pekijing,21339.88
873,Isaak,Yambio,53613.29
713,Madelina,Lusambo,35228.78
60,Von,Presnenskiy,10129.5
638,Kathryne,Mahanoro,90580.89
93,Jada,Rogóźno,35682.05
971,Mylo,Pidvynohradiv,42195.17
838,Blake,Danyang,91375.53
775,Pall,Lubao,55897.6
78,Nevsa,Huarong Chengguanzhen,15521.21
363,Inglebert,Neiba,18222.12
186,Raf,Merke,67185.15
739,Boothe,Ceres,76933.31
792,York,Jinxiang,90414.27
925,Arne,Komorów,63068.09
50,Shurlocke,Pnikut,74700.75
123,Adriaens,Kebon,14155.4
662,Nadean,Donnacona,15640.26
738,Kimmie,Gaoqiao,29274.03
567,Gunter,Povenets,64732.31
152,Neill,Rybatskoye,61930.2
816,Theressa,Novobeysugskaya,28673.8
984,Marya,Prupuh,60846.34
963,Joshuah,Leiyang,58699.73
399,Merrilee,Dedza,60414.69
348,Patsy,Jixian,41765.5
439,Malina,Longxian,43852.35
425,Filip,Phoenix,93761.96
649,Indira,Nankun,79312.47
170,Vilhelmina,Milton,54595.43
123,Chloe,Mosteiros,96196.32
27,Nanice,Mashan,55678.32
318,Sigismundo,Songping,80110.25
196,Christal,Freire,13464.14
107,Lonny,Cartagena del Chairá,64330.95
564,Ailina,Tianyu,68658.81
87,Coral,Žďár nad Sázavou Druhy,91704.51
159,Amara,Loures,58998.16
59,Godfree,Libas,10135.28
514,Leah,Hongguang,90750.63
267,Corny,Ravne na Koroškem,20127.56
934,Barrie,Olupona,88323.54
378,Alison,Selishche,88375.87
716,Lorettalorna,Uíge,53753.84
774,Edy,Maceió,19084.05
93,Elysha,Lyon,45694.16
314,Titos,Vladikavkaz,49670.6
943,Dolly,Bundoc,15552.16
226,Reginauld,Concepción,77447.35
699,Boony,Cần Giờ,45872.45
53,Mahalia,Ozorków,57040.61
820,Renae,Pantenan,35648.58
862,Sophie,Dazhou,12556.18
675,Matthaeus,Qacha’s Nek,35813.74
390,Venita,Maguling,39895.64
232,Sal,Belén,39766.68
707,Wenonah,Puerto Colombia,68732.79
476,Darill,Kryva Hora,79527.99
439,Elene,Ijuw,27656.04
220,Ahmed,Ōarai,40591.9
272,Meredith,Karangsumber,80650.9
740,Shaw,Qo‘qon,47276.02
900,Stepha,Ma‘bar,81893.72
349,Sallie,Zinder,55492.35
156,Lyssa,Divo,14742.83
132,Antone,Haokou,82142.52
991,Teressa,Cipadung,40820.06
954,Aurelie,Pendiqing,27488.07
653,Etti,Leninsk,91601.61
638,Sigismund,Quinta,35933.79
995,Sullivan,Dolores,91711.17
294,Pauly,Kumla,72984.23
453,Jessa,Wenping,79202.49
431,Eydie,Saint-Maurice,52518.56
399,Bil,Pyin Oo Lwin,30387.28
722,Mersey,Lantian,24844.2
358,Nicoline,Kafir Qala,91347.68
518,Harriette,Oliveira,99084.48
586,Shaylah,Neya,24347.95
353,Trudi,Brétigny-sur-Orge,46862.39
985,Elnar,Āqchah,44115.57
322,Bondy,Mutatá,14523.94
703,Cindee,Bent Jbaïl,19472.39
246,Katine,Corinto,27519.56
567,Hedy,Lap Lae,94957.86
296,Kendra,Wien,21821.98
535,Carlyle,Dve Mogili,19509.11
399,Ariadne,‘Aşīrah al Qiblīyah,86588.33
685,Moria,Nové Strašecí,54468.47
123,Saw,Ma’an,39079.23
883,Magda,Şafāshahr,11842.33
203,Margarethe,Puolanka,33201.46
252,Kipper,Libertad,71344.01
323,Romona,Polazna,22841.74
75,Cirstoforo,Văn Điển,24748.94
226,Janek,Bamenda,45924.67
305,Dixie,Jiuheyuan,10614.74
448,Livia,Nicosia,41695.01
639,Bernette,Anse Boileau,76904.36
190,Fields,Liancheng,42146.86
125,Shelton,Songon,63816.15
247,Gipsy,Melaka,43950.88
582,Kipp,Daping,24401.85
357,Huntley,Hongqi Yingzi,75239.91
754,Emilia,Keetmanshoop,13191.93
15,Forester,Rana,38860.39
584,Minnie,Katyr-Yurt,51964.96
316,Marci,Kibondo,73742.84
600,Fredi,Concepcion,90980.08
29,Benjamen,Sidoger Lebak,72748.18
460,Roxy,Longjie,44202.9
484,Charlena,Yangmingbu,71375.83
265,Viviana,Bang Kruai,58283.11
210,Yvonne,Salaza,58579.71
395,Hewie,Berbérati,71665.11
717,Tove,San Diego,12312.55
883,Ronny,Storuman,67307.86
569,Patin,Kopashnovo,52742.37
567,Lita,Voždovac,28635.29
513,Derry,Bergamo,40107.25
65,Von,Lagunillas,54297.52
381,Kaja,Jinping,79707.23
760,Kettie,Karátoulas,62379.55
245,Merrily,Benger,33784.0
583,Shalom,Betim,47584.49
371,Brigida,Chefchaouene,38944.1
47,Collin,Åstorp,89399.23
895,Vinita,Sceaux,34959.92
495,Dennie,Donghai,35203.06
175,Webb,Lumbac,45311.46
819,Sansone,Corbeil-Essonnes,91502.26
280,Tod,Zhenping Chengguanzhen,40273.86
80,Estel,Pruzhany,43961.41
472,Consalve,Bhāndāria,98267.12
447,Leelah,Santa Cruz,65339.34
862,Rebeka,Kościerzyna,79266.82
610,Hussein,Huomachong,61136.25
51,Jeromy,Al Fākhūrah,23738.28
247,Merrill,Isesaki,45396.37
153,Noelyn,Paulínia,17539.86
716,Rutter,Bogo,74072.65
78,Teddy,Seleuš,64666.27
237,Josh,Granja,87510.16
177,Arabele,Miribel,76431.86
883,Lynelle,Lamarosa,83000.39
270,Bird,Gaoyao,83916.48
232,Goddart,Lárdos,46663.87
161,Kelby,Watuka,80723.58
524,Jorrie,Idah,19291.29
198,Yulma,Vishow,85490.21
511,Randall,Tunasbaru,21343.85
542,Isidoro,Lages,88229.29
404,Shay,Edgeworthstown,57039.52
158,Enrique,Chizhou,80197.77
359,Haleigh,Buqei‘a,23000.28
850,Janek,Chanhe,31707.12
132,Elinor,Al Jīzah,69628.67
41,Christoph,Nyakhachava,28983.36
803,Latisha,Carhuamayo,21415.7
618,Kennith,Uusikaupunki,42397.03
42,Silvie,Nanhai,74898.49
950,Lennie,Horodyshche,78089.94
459,Kesley,Kamenka,46951.2
761,Randolph,Cikembar,58100.37
499,Zachariah,Palmas de Monte Alto,94106.44
568,Ted,Il’ichëvo,73105.21
585,Kory,Wonorejo Dua,99787.92
51,Edwina,Ketara,36025.74
114,Electra,Labuhanjambu,24301.35
233,Sky,Babakan,28123.78
700,Allix,Corujeira,16007.11
529,Rubia,Eskifjörður,20678.25
345,Toiboid,Lemende,41787.82
9,Nickie,Bulangan,45949.45
371,Farlay,Issenye,94586.5
741,Louis,Ţayyibat al Imām,56214.56
231,Tallie,Morales,54822.97
261,Alvin,Kampong Chhnang,36204.94
700,Rasia,Longping,67524.07
907,Ev,Hvar,90467.1
57,Scotti,Utarapasar,83562.6
283,Frederico,Guingamp,86705.11
855,Artemis,Velika Kladuša,74337.74
456,Lacy,Bálsamo Oriental,60093.46
457,Audie,Gangmian,23924.0
506,Lulu,Qozonketkan,18918.11
761,Lev,Hörby,26482.27
203,Maryellen,Mérignac,47003.74
200,Burnaby,Xiangtan,77965.47
441,Farica,Karasuk,94340.93
158,Bellanca,Parnamirim,92150.8
253,Abe,Sandachō,92434.99
83,Kylynn,Mahdalynivka,84266.77
705,Ashley,Axili,40754.14
859,Ashlee,Conchagua,44271.56
934,Brandy,Fukagawa,32391.1
965,Krystalle,Ambunti,64526.84
385,Cornela,Kozelets’,35878.39
641,Candice,Grecheskoye,82104.27
417,Nataniel,Indaiatuba,13311.87
848,Heddi,Abū Tīj,94895.3
134,Marja,Sembabule,46178.35
676,Elinor,Iwonicz-Zdrój,44142.57
496,Llywellyn,Pasar,66639.19
524,Idalina,Yigo Village,74153.19
158,Cary,Mosquée,62429.24
210,Tami,Luže,68918.02
483,Kelci,Wangdian,29592.15
74,Archer,Roche-à-Bateau,49412.11
353,Chrystel,Jiale,11042.6
933,De witt,Ganshui,66835.16
790,Calley,Preko,10906.28
278,Nalani,Jagüey Grande,60557.43
198,Brianne,Akat Amnuai,53703.51
387,Hewie,Huayuan,21603.32
220,Stanton,Isheyevka,33071.3
321,Burch,Puerto Morazán,93162.34
208,Cindie,Leninskiy,36424.63
378,Modestia,Guimarei,26028.48
959,Letisha,Falun,54216.46
327,Wilbert,Shenwan,42826.85
124,Cece,Smolyan,97220.33
449,Towney,Ahmadpur Siāl,94531.97
897,Storm,Zhouyuan,23469.77
570,Anton,Covas,31671.95
93,Charlot,Huanglong,27255.58
334,Starla,Imeni Babushkina,99489.16
80,Tally,Jiuxi,88716.81
776,Maximilian,Doña Remedios Trinidad,19550.75
25,Conroy,Ad Dabbah,88073.16
648,Nathanial,Marale,87896.94
793,Feodor,Katrineholm,77610.98
898,Josiah,Ngancar,14273.25
903,Darwin,Igunga,18163.69
689,Gram,Seremban,71129.61
676,Stormy,Anjirserapat,27031.58
394,Gerhardt,Pedrulheira,71593.35
472,Bab,Youdian,49683.31
181,Coreen,Libao,82253.94
447,Nessa,Talalayivka,81912.43
998,Marion,Brazzaville,61051.1
347,Sarah,Tygda,21516.34
942,Lizzy,Talospatang,48578.01
830,Gertrude,Lidingö,70197.78
365,Penrod,Usevia,95288.79
45,Korie,Zamoskvorech’ye,99959.9
362,Lonnie,Qingshuitang,99785.82
3,Gilberto,Batangtoru,96737.58
627,Pris,Shwebo,60143.86
375,Esteban,Chakou,66762.74
829,Anne-marie,Xiaoduchuan,65356.74
906,Auroora,Mahates,28709.96
363,Florrie,Lifuta,30529.19
296,Floyd,Washington,86797.35
406,Sanford,Porto União,50741.07
773,Gibby,Bagong Sikat,56704.25
653,Graehme,Pingzhuang,10763.74
378,Walliw,Carvalhal Redondo,25847.89
996,Krispin,Zargarān,18149.65
895,Vite,Cocabamba,89154.05
250,Boothe,Envira,65329.04
376,Morley,Tanjungbahagia,50512.93
362,Merill,Tamanar,12654.97
189,Vaughn,Sukolilo,44534.64
69,Leonidas,Bunutan,57809.47
352,Scarlet,Mangseng,90427.77
754,Wit,Jincheng,52220.29
411,Sidoney,Turirejo,75664.27
696,Teri,Mahajanga,84626.63
394,Jewel,Trenggulunan,73205.61
729,Agnola,Acaraú,61122.11
556,Skelly,Lantian,33089.55
657,Leonanie,Koceljeva,47183.39
488,Mikey,Emiliano Zapata,24960.7
32,Federico,Paris 09,39441.2
129,Dewie,Baganhilir,67252.04
412,Jamaal,Cotuí,81891.69
905,Barbra,Winston Salem,99766.59
855,Arnoldo,Glondong,31070.07
50,Ardith,Le Pontet,13621.28
448,Igor,Anhua,29032.2
301,Hildegarde,Magdalena,42053.43
240,Cindy,Australia Square,76190.33
415,Grete,Larache,72344.09
859,Arch,Podosinovets,47232.89
393,Pattie,Coronel Belisle,66874.64
370,Loralie,Ukata,61637.5
752,Leann,Kongsvinger,88434.46
329,Tami,Ush-Tyube,50934.38
934,Ruthanne,Hailang,91480.6
10,Kalina,Plandi,45843.99
685,Grantley,Sendangagung,60957.78
216,Lilyan,Hebian,40171.93
732,Kippie,San Jose del Monte,63522.84
130,Peggi,Yanhe,37279.85
358,Coralyn,Oslo,96333.72
996,Carena,Sukonolo Krajan,97091.81
460,Sheryl,Formosa do Rio Preto,78974.22
781,Conney,Góra Kalwaria,96196.98
961,Waylin,Hats’avan,77644.1
161,Marnie,Baisha,10097.71
753,Janel,Lazaro Cardenas,66314.3
547,Brig,Desa Borogojol,86170.43
353,Bent,Bokhan,38227.16
41,Armando,Perth,44121.43
82,Barnabe,Haghartsin,28318.33
864,Carlie,Ma Đa Gui,32111.19
284,Karrie,Kolwezi,19798.27
486,Rayner,Koronowo,43214.54
525,Christian,Bolinao,22075.58
346,Jecho,Aráchova,54036.39
287,Gardiner,Shiyuetian,90457.67
55,Jania,Anfeng,82075.95
856,Vivi,Évreux,67836.26
441,Baillie,Rungis,93361.83
566,Deidre,Boncong,29747.62
232,Lianne,Fumin,10461.52
723,Rebeca,Ludvika,55349.72
267,Tammy,Shangshuai,18467.77
959,Culley,Novyy Svit,69930.18
455,Carver,Qianguo,30615.84
892,Ellie,Jati,52081.5
134,Aylmer,Baykit,75480.32
217,Eadmund,Hongmen,68736.96
769,Alexa,Balengbeng,42620.0
741,Laurice,Fray Bentos,31613.44
482,Philbert,Ban Mai,48145.5
398,Odessa,Turenki,51538.62
844,Steve,Bryan,72733.53
549,Gracia,Zarzis,59414.58
967,Elnore,Mulhouse,22373.55
444,Alley,Ketanggungan,81814.95
118,Alfons,Antony,15876.53
316,Jeannette,Bakar,46598.61
977,Curran,Paracambi,23487.81
93,Arte,Jixin,53371.08
820,Gary,Joyabaj,75804.89
150,Mahmoud,Xiayunling,66863.88
203,Bartlet,Pardesiyya,21417.9
262,Roseanne,Jianggezhuang,58832.45
910,Virginie,Tielou,39986.7
632,Melodie,Alhos Vedros,43161.15
777,Carce,Catia La Mar,87076.26
734,Annora,København,99196.73
835,Deerdre,Alminhas,24264.68
923,Celestia,Siborong-borong,33654.07
58,Delilah,Barisan,25695.19
596,Lorita,Guamal,15340.89
929,Petronia,Karangsonojabon,76871.18
698,Sammy,General Luna,50036.08
708,Ramsay,Libas,97184.85
56,Dar,Zehak,63965.44
665,Everard,Dalgān,34860.29
214,Florentia,Shixi,67049.68
988,Tim,Yangjiang,77061.26
474,Kristoforo,Chadong,11321.52
321,Rubin,Verkhnya Syrovatka,83784.12
31,Audra,Xialu,42475.1
36,Alwin,Puerto Morazán,40996.73
814,Mozelle,Nan’an,96045.66
231,Haley,Draginje,96944.25
554,Evin,Anserma,30776.78
343,Sayre,Lingdangge,69171.5
778,Ardelia,Shewopo,75269.07
465,Anne,Apodi,18079.38
747,Glad,Nazaré,19520.66
474,Leesa,Palma Gil,37028.56
456,Sherry,Guanshan,79940.56
238,Irv,Istaravshan,58840.76
184,Carline,Carvalheira,35401.94
925,Paule,Krasnopillya,57262.87
257,Ash,Jalpatagua,70943.48
355,Sybyl,Heshi,23724.93
153,Rosana,Plaju,15783.49
340,Ludovika,Jambesari,70350.16
378,Rena,Gushikawa,15029.73
203,Kaine,Glugu,30678.15
748,Silvano,Tangcun,43598.88
645,Ulberto,Villa de Soto,59949.36
860,Hildagard,Sanxi,29419.28
437,Wilek,Mengzhai,97820.01
164,Sherri,Lupon,94304.02
841,Cary,Nanfeng,13211.65
848,Ophelie,Kronshtadt,45822.67
529,Titus,Pitogo,60513.88
335,Faustine,Lom Sak,53921.71
342,Son,Sukamantri Satu,12875.74
55,Alyosha,La Goulette,78308.17
5,Merry,Noginsk-9,96518.86
234,Marylou,Volochys’k,28989.61
504,Feodora,Kuantan,71065.35
7,Dennison,Lianyuan,71788.35
923,Joane,Várzea,16717.53
461,Nadia,Orléans,42509.36
541,Ynez,Pánormos,56284.42
221,Ripley,Barili,86946.91
218,Verena,Del Pilar,26286.01
518,Georges,El Cantón de San Pablo,96843.3
584,Gardiner,Castro Barros,75186.34
139,Mari,Kharabali,95506.36
309,Tuck,Shāhdādkot,13604.24
211,Stephan,Mino,95229.74
791,Cal,Biaoxi,50600.88
474,Libbi,Songjiang,21245.26
668,Terri,Xuchang,49414.13
188,Veda,Osa,56509.16
48,Bridie,Martanesh,16264.8
720,Nicole,Kabul,82517.67
602,Kerk,Zhuge,18773.8
180,Aguste,Malinaw,38737.57
340,Nicolea,Gyumri,33441.66
553,Ham,Mangaratiba,96934.71
177,Anson,Mosopa,30060.52
987,Wilie,Camingawan,80324.66
630,Nappy,Kālīganj,81938.55
398,Miran,Yasenevo,96477.47
783,Sande,Cipicung,68448.24
334,Iona,Saint-Quentin-en-Yvelines,92663.09
661,Price,Tanglag,76853.95
223,Bernie,General Ramírez,29169.42
846,Lauritz,Nanshi,49202.04
946,Thorvald,Nenotes,22125.2
83,Myrlene,El Monte,93490.84
211,Katerine,Phultala,32113.92
410,Kelsi,Fujioka,60353.72
805,Dom,Omurtag,68616.24
381,Lotti,São Domingos de Rana,86645.94
664,Jeana,Casal Novo,16820.82
720,Cassaundra,Galubakul,86529.12
853,Rodie,Guankou,36702.24
578,Chrisy,Mojocoya,50543.11
731,Simon,Koba,83322.74
190,Gothart,Piekielnik,53692.55
536,Karylin,Brusartsi,82541.77
227,Gale,Chelles,53927.18
203,Ted,Obala,46764.99
206,Row,Anoek,55126.5
518,Nike,Kovářov,17126.11
851,Mariya,Weepangali,54085.77
464,Jennette,El Retiro,68001.35
134,Jedediah,Dorowa Mining Lease,59549.28
883,Lancelot,Caacupé,79165.24
189,Sharity,Veternik,27865.11
406,Tuck,Atipuluhan,72340.2
532,Lura,Ljungby,60777.99
28,Marice,Charleston,89037.04
359,Karyn,Longtou’an,38755.68
678,Kevina,Lasehao,14313.69
706,Elysia,Tengjia,83604.96
759,Janette,Pasirbitung,44329.4
335,Vanya,Gremyachinsk,69181.88
677,Ivett,Ijuí,12377.31
684,Marlo,Esigodini,44965.76
62,Leon,Presidente Dutra,81121.63
382,Tadeo,Glan,91620.1
341,Perren,Saintes,68837.51
757,Normie,Tigre,96065.47
356,Petronella,Santa Cruz de El Seibo,99412.35
283,Clovis,Xinghuo,27659.27
649,Bentley,Talavera,80346.66
976,Georgianna,Krousón,33719.6
86,Irina,Sagasa,97986.37
17,Scotty,Valença,90594.51
754,Hogan,Kpalimé,15995.26
167,Bert,Aioi,93889.59
683,Ethel,Baiqiao,21450.67
329,Markos,Banjar Penyalin,16512.93
899,Symon,Jetis,35280.06
51,Torry,Sandia,31761.22
590,Candice,Taman,95040.19
574,Veda,San Antonio,16904.83
873,Nickolai,Novorossiysk,40438.6
371,Melonie,Xiaozhi,62888.94
153,Aggie,Boco,20618.23
899,Vail,Ribeira do Pombal,32623.35
695,Mendel,Huangzhan,62656.75
209,Alaster,Lins,34306.57
321,Shannon,Tawau,93858.13
352,Bernardina,Mirabel,24209.71
603,Tressa,Iwatsuki,74043.97
627,Lewiss,Beichengqu,68542.6
641,Monro,Tānk,46944.8
716,Quintin,Potikosin,89295.58
459,Aidan,Dembeni,22047.41
375,Glenden,Spirit River,80402.35
266,Manuel,Camrose,40643.77
29,Fenelia,Cibeureum,88558.45
391,Delano,Senta,64564.96
494,Flore,Nuwara Eliya,45475.83
936,Beverlie,Meikeng,61425.6
219,Deanne,Saint-Grégoire,76187.39
395,Ceciley,Rumbek,75426.41
26,Sherri,Kalamangog,28017.05
960,Lilyan,Hongch’ŏn,28516.83
18,Taryn,Barotac Nuevo,46411.28
924,Elfreda,Malata,56253.68
238,Devin,Daliuhao,41740.47
612,Garrard,Östersund,69162.79
307,Erena,Mayskiy,48135.13
971,Adah,Caracal,76818.32
228,Kelci,Zhuzuo,86947.62
539,Rodina,Ćuprija,79753.51
593,Mervin,Cikai,65246.14
168,Lauritz,Tawaran,15532.82
505,Lowrance,Głogów Małopolski,53139.52
325,Xena,Uujim,15880.09
159,Maximo,Shengli,47723.51
933,Malachi,Wotsogo,15643.54
535,Auroora,Brzeszcze,72421.15
919,Luise,Pregradnoye,59856.66
386,Verina,Gulou,94619.73
282,Mersey,Niños Heroes,61479.95
897,Briggs,Smiřice,26635.58
937,Shelby,Nancheng,40283.04
716,Felike,Portel,14362.73
695,Alverta,Villefontaine,39682.44
178,Nickolai,Liulihe,36619.61
761,Judon,Sochi,66571.86
760,Courtney,Pacasmayo,23532.82
172,Smitty,Azueira,28924.57
357,Justina,Mszana Dolna,11019.37
490,Norah,Kamo,66003.67
831,Merrily,Machang,72898.15
78,Kiele,Cavan,47528.2
491,Danika,Shakhty,90249.21
243,Beau,Polešovice,37048.23
808,Sergeant,António Enes,68912.31
188,Spike,Semenivka,97022.0
684,Lauryn,Nunhala,80418.75
282,Angela,Kępice,36850.15
804,Marco,Novokuz’minki,57335.05
768,Norman,Sabbah,28275.03
342,Joice,Montpellier,23490.79
628,Noellyn,Wenchang,53724.79
477,Patsy,Kyzylzhar,40991.6
240,Freddy,Kuvshinovo,74645.23
904,Sara,Mauhao,34838.87
294,Pavel,Jiangchuan,44256.0
306,Betsy,Phichit,73650.95
925,Bank,Syracuse,64974.33
67,Ermanno,Chenjiahe,10555.13
577,Trever,Balazar,99457.29
178,Maury,Rochester,60242.71
31,Tanya,Upper San Mateo,37270.56
634,Calla,Demuk,73671.22
291,Rhiamon,Dallas,96978.03
541,Nanete,Tuanzhou,23321.66
682,Phebe,Saryözek,94226.9
626,Leanora,Shatura,58472.91
608,Forest,Herong,46231.75
31,Kalila,Żabbar,47139.8
65,Lewiss,Ternovka,28192.21
896,Abe,Malkā,15636.69
602,Llewellyn,Uzhhorod,49933.22
925,Care,Guagua,64457.56
235,Bealle,Loandjili,11361.52
573,Gus,Aurora,55978.56
321,Jami,Wuluo,29881.56
527,Joey,Mbuji-Mayi,70092.76
352,Cathee,Linda Vista,87034.18
584,Netta,Mingshan,82753.37
710,Pembroke,Yatsuomachi-higashikumisaka,76923.54
254,Kathlin,Dongxin,25649.51
524,Alden,Salto de Pirapora,67370.61
584,Drugi,Neglasari,91560.38
376,Netti,Montego Bay,47999.57
631,L;urette,Tumpukrenteng,53756.05
421,Salaidh,Malpique,55115.4
735,Georgianna,Oklahoma City,51855.56
555,Lynnet,Tagnanan,45601.2
406,Walden,Abengourou,96514.71
731,Leandra,Gayam,82780.57
110,Cori,Mhamid,12382.63
151,Marvin,San Isidro,49724.59
724,Chev,Tegalloa,75896.23
190,Pennie,Saint John’s,76687.05
771,Loraine,Pöytyä,61320.65
441,Fidole,Zghartā,77426.25
63,Glynnis,Prang Ku,69843.47
245,Briny,Cikulahan,47883.34
245,Becca,Gensi,75548.4
129,Marylin,Khadan Khāk,25871.04
620,Elmira,Qal‘ah-ye Kūf,65978.02
643,Giraud,Puerto Rico,65345.5
652,Deva,Karanglo,79509.8
693,Farrand,Honglin,30925.62
723,Sayers,Thanatpin,13464.65
209,Freddie,Sidomulyo Kulon,12499.66
939,Zandra,Tacoma,61513.89
856,Carla,Mangaran,49348.8
629,Carena,Balai,91658.78
565,Adora,Kitui,41514.94
834,Aubrey,Reckange-sur-Mess,11342.72
851,Amalie,Wolomarang,70254.16
771,Ertha,Chenfang,59971.35
606,Lorne,Sosnogorsk,79856.51
916,Fern,North Bay,69013.26
130,Bayard,Saratamata,51599.1
764,Ferrell,Ar Ramāḑīn,74101.66
192,Connie,Tysmenychany,25837.79
64,Farand,Blangpulo,17110.04
220,Andros,Datar,65927.46
260,Jaymee,Pojok,35854.83
438,Ruttger,Wichit,59579.64
103,Florella,Carusucan,56455.86
946,Scotti,Växjö,55793.37
856,Darlleen,Lalmanirhat,33124.25
827,Frasquito,Gnojnik,65628.47
714,Candace,Narutō,25401.45
894,Meredith,Tangchi,48926.3
726,Carce,Tundagan,68266.19
115,Vern,Benevides,92937.96
121,Salome,‘Ayn Ḩalāqīm,64600.91
456,Garek,Dianya,14597.76
891,Byran,Shabel’skoye,46277.29
658,Kara-lynn,Smolenka,95183.61
200,Fancie,Qumudi,88908.19
376,Rafa,Montes Claros,11078.79
272,Maurits,Farafenni,90421.58
515,Allister,Nanwai,57839.72
